/*
Navicat MySQL Data Transfer

Source Server         : LocalHost
Source Server Version : 80027
Source Host           : localhost:3306
Source Database       : coffee

Target Server Type    : MYSQL
Target Server Version : 80027
File Encoding         : 65001

Date: 2022-03-21 08:03:00
*/

SET FOREIGN_KEY_CHECKS=0;

-- ----------------------------
-- Table structure for t_admin
-- ----------------------------
DROP TABLE IF EXISTS `t_admin`;
CREATE TABLE `t_admin` (
  `admin_id` int NOT NULL AUTO_INCREMENT COMMENT 'id',
  `name` varchar(32) CHARACTER SET utf8 COLLATE utf8_general_ci DEFAULT NULL COMMENT '姓名',
  `phone` char(11) CHARACTER SET utf8 COLLATE utf8_general_ci DEFAULT NULL COMMENT '手机号码',
  `username` varchar(255) CHARACTER SET utf8 COLLATE utf8_general_ci DEFAULT NULL COMMENT '用户名',
  `password` varchar(255) CHARACTER SET utf8 COLLATE utf8_general_ci DEFAULT NULL COMMENT '密码',
  `userFace` varchar(255) CHARACTER SET utf8 COLLATE utf8_general_ci DEFAULT NULL COMMENT '用户头像',
  PRIMARY KEY (`admin_id`) USING BTREE
) ENGINE=InnoDB AUTO_INCREMENT=15 DEFAULT CHARSET=utf8mb4 COLLATE=utf8mb4_bin ROW_FORMAT=DYNAMIC;

-- ----------------------------
-- Records of t_admin
-- ----------------------------
INSERT INTO `t_admin` VALUES ('1', '任风', '12345678901', 'admin', '$2a$10$/wArvCfOVmef0YyznkZS8OiGSWjA45oasfRu.qTV7G6zyOv1qj4re', 'https://wpimg.wallstcn.com/f778738c-e4f8-4870-b634-56703b4acafe.gif');

-- ----------------------------
-- Table structure for t_carousel
-- ----------------------------
DROP TABLE IF EXISTS `t_carousel`;
CREATE TABLE `t_carousel` (
  `carousel_id` int NOT NULL AUTO_INCREMENT,
  `imgPath` char(50) COLLATE utf8mb4_bin NOT NULL,
  `describes` varchar(50) COLLATE utf8mb4_bin NOT NULL,
  PRIMARY KEY (`carousel_id`)
) ENGINE=InnoDB AUTO_INCREMENT=5 DEFAULT CHARSET=utf8mb4 COLLATE=utf8mb4_bin ROW_FORMAT=DYNAMIC;

-- ----------------------------
-- Records of t_carousel
-- ----------------------------
INSERT INTO `t_carousel` VALUES ('1', '/dev-api/images/carousel/coffee_01.png', '图片加载失败');
INSERT INTO `t_carousel` VALUES ('2', '/dev-api/images/carousel/coffee_02.png', '图片加载失败');
INSERT INTO `t_carousel` VALUES ('3', '/dev-api/images/carousel/coffee_03.png', '图片加载失败');
INSERT INTO `t_carousel` VALUES ('4', '/dev-api/images/carousel/coffee_04.png', '图片加载失败');

-- ----------------------------
-- Table structure for t_category
-- ----------------------------
DROP TABLE IF EXISTS `t_category`;
CREATE TABLE `t_category` (
  `category_id` int NOT NULL AUTO_INCREMENT,
  `category_name` varchar(20) COLLATE utf8mb4_bin NOT NULL,
  PRIMARY KEY (`category_id`)
) ENGINE=InnoDB AUTO_INCREMENT=7 DEFAULT CHARSET=utf8mb4 COLLATE=utf8mb4_bin ROW_FORMAT=DYNAMIC;

-- ----------------------------
-- Records of t_category
-- ----------------------------
INSERT INTO `t_category` VALUES ('1', '咖啡');
INSERT INTO `t_category` VALUES ('2', '咖啡杯');
INSERT INTO `t_category` VALUES ('3', '咖啡机');
INSERT INTO `t_category` VALUES ('4', '热门咖啡豆');
INSERT INTO `t_category` VALUES ('5', '一般咖啡豆');

-- ----------------------------
-- Table structure for t_collect
-- ----------------------------
DROP TABLE IF EXISTS `t_collect`;
CREATE TABLE `t_collect` (
  `id` int NOT NULL AUTO_INCREMENT,
  `user_id` int NOT NULL,
  `product_id` int NOT NULL,
  `collect_time` datetime NOT NULL,
  PRIMARY KEY (`id`),
  KEY `FK_collect_user_id` (`user_id`),
  KEY `FK_collect_id` (`product_id`),
  CONSTRAINT `FK_collect_id` FOREIGN KEY (`product_id`) REFERENCES `t_product` (`product_id`),
  CONSTRAINT `FK_collect_user_id` FOREIGN KEY (`user_id`) REFERENCES `t_user` (`user_id`)
) ENGINE=InnoDB AUTO_INCREMENT=6 DEFAULT CHARSET=utf8mb4 COLLATE=utf8mb4_bin ROW_FORMAT=DYNAMIC;

-- ----------------------------
-- Records of t_collect
-- ----------------------------
INSERT INTO `t_collect` VALUES ('1', '2', '7', '2022-03-03 21:26:00');
INSERT INTO `t_collect` VALUES ('2', '1', '1', '2022-03-03 21:27:42');
INSERT INTO `t_collect` VALUES ('3', '1', '4', '2022-03-03 21:27:47');
INSERT INTO `t_collect` VALUES ('4', '1', '15', '2022-03-03 21:27:54');
INSERT INTO `t_collect` VALUES ('5', '1', '33', '2022-03-12 10:29:51');

-- ----------------------------
-- Table structure for t_evaluate
-- ----------------------------
DROP TABLE IF EXISTS `t_evaluate`;
CREATE TABLE `t_evaluate` (
  `id` int NOT NULL AUTO_INCREMENT COMMENT '评价id',
  `product_id` int NOT NULL,
  `user_id` int NOT NULL,
  `content` text,
  `star` int DEFAULT NULL,
  `create_time` datetime DEFAULT NULL,
  PRIMARY KEY (`id`),
  KEY `FK_evaluate_user_id` (`user_id`),
  KEY `FK_evaluate_product_id` (`product_id`),
  CONSTRAINT `FK_evaluate_product_id` FOREIGN KEY (`product_id`) REFERENCES `t_product` (`product_id`) ON DELETE RESTRICT ON UPDATE RESTRICT,
  CONSTRAINT `FK_evaluate_user_id` FOREIGN KEY (`user_id`) REFERENCES `t_user` (`user_id`) ON DELETE RESTRICT ON UPDATE RESTRICT
) ENGINE=InnoDB AUTO_INCREMENT=21 DEFAULT CHARSET=utf8mb4 COLLATE=utf8mb4_0900_ai_ci;

-- ----------------------------
-- Records of t_evaluate
-- ----------------------------
INSERT INTO `t_evaluate` VALUES ('1', '1', '1', '方便快捷的咖啡享受，性价比很不错。', '4', '2022-03-18 14:20:32');
INSERT INTO `t_evaluate` VALUES ('2', '1', '2', '喝惯了自磨的，这个味道淡了不止一点点，方便携带是最大优点。', '3', '2022-03-17 14:20:35');
INSERT INTO `t_evaluate` VALUES ('3', '1', '1', '一如既往的好喝。', '5', '2022-03-18 17:28:22');
INSERT INTO `t_evaluate` VALUES ('4', '1', '1', '十分美味', '3', '2022-03-18 21:28:27');
INSERT INTO `t_evaluate` VALUES ('5', '1', '1', '十分美味', '5', '2022-03-19 08:15:39');
INSERT INTO `t_evaluate` VALUES ('6', '7', '2', '香醇美味，推荐购买。', '4', '2022-03-19 08:24:30');
INSERT INTO `t_evaluate` VALUES ('7', '7', '2', '口味一般，不是特别好喝。', '2', '2022-03-19 09:27:25');
INSERT INTO `t_evaluate` VALUES ('15', '4', '1', '味道还行，不是特别推荐。', '3', '2022-03-19 11:06:54');
INSERT INTO `t_evaluate` VALUES ('17', '4', '1', '还行吧', '3', '2022-03-19 11:10:04');
INSERT INTO `t_evaluate` VALUES ('18', '4', '1', '味道不错，好评。', '4', '2022-03-19 11:10:22');
INSERT INTO `t_evaluate` VALUES ('19', '1', '1', '味道不错，好评。', '4', '2022-03-19 12:27:43');
INSERT INTO `t_evaluate` VALUES ('20', '1', '1', '口味一般，不是特别好喝。', '2', '2022-03-19 12:28:03');

-- ----------------------------
-- Table structure for t_order
-- ----------------------------
DROP TABLE IF EXISTS `t_order`;
CREATE TABLE `t_order` (
  `id` int NOT NULL AUTO_INCREMENT,
  `order_id` bigint NOT NULL,
  `user_id` int NOT NULL,
  `product_id` int NOT NULL,
  `product_num` int NOT NULL,
  `product_price` double NOT NULL,
  `order_time` datetime NOT NULL,
  PRIMARY KEY (`id`),
  KEY `FK_order_user_id` (`user_id`),
  KEY `FK_order_id` (`product_id`),
  CONSTRAINT `FK_order_id` FOREIGN KEY (`product_id`) REFERENCES `t_product` (`product_id`) ON DELETE CASCADE ON UPDATE CASCADE,
  CONSTRAINT `FK_order_user_id` FOREIGN KEY (`user_id`) REFERENCES `t_user` (`user_id`)
) ENGINE=InnoDB AUTO_INCREMENT=7 DEFAULT CHARSET=utf8mb4 COLLATE=utf8mb4_bin ROW_FORMAT=DYNAMIC;

-- ----------------------------
-- Records of t_order
-- ----------------------------
INSERT INTO `t_order` VALUES ('1', '1646313983719', '2', '7', '1', '98', '2022-03-03 21:26:24');
INSERT INTO `t_order` VALUES ('2', '1646314086766', '1', '15', '3', '145', '2022-03-03 21:28:07');
INSERT INTO `t_order` VALUES ('3', '1646642195929', '1', '4', '2', '223', '2022-03-07 16:36:36');
INSERT INTO `t_order` VALUES ('4', '1647574503511', '1', '1', '5', '59', '2022-03-18 11:35:04');
INSERT INTO `t_order` VALUES ('5', '1647652554189', '2', '1', '1', '59', '2022-03-19 09:15:54');
INSERT INTO `t_order` VALUES ('6', '1647652554189', '2', '7', '1', '98', '2022-03-19 09:15:55');

-- ----------------------------
-- Table structure for t_product
-- ----------------------------
DROP TABLE IF EXISTS `t_product`;
CREATE TABLE `t_product` (
  `product_id` int NOT NULL AUTO_INCREMENT,
  `product_name` char(100) COLLATE utf8mb4_bin NOT NULL,
  `category_id` int NOT NULL,
  `product_title` varchar(30) COLLATE utf8mb4_bin NOT NULL,
  `product_intro` text COLLATE utf8mb4_bin NOT NULL,
  `product_picture` varchar(200) COLLATE utf8mb4_bin DEFAULT NULL,
  `product_price` double NOT NULL,
  `product_num` int NOT NULL,
  `product_sales` int NOT NULL,
  PRIMARY KEY (`product_id`),
  KEY `FK_product_category` (`category_id`),
  CONSTRAINT `FK_product_category` FOREIGN KEY (`category_id`) REFERENCES `t_category` (`category_id`) ON DELETE RESTRICT ON UPDATE RESTRICT
) ENGINE=InnoDB AUTO_INCREMENT=40 DEFAULT CHARSET=utf8mb4 COLLATE=utf8mb4_bin ROW_FORMAT=DYNAMIC;

-- ----------------------------
-- Records of t_product
-- ----------------------------
INSERT INTO `t_product` VALUES ('1', '蓝山咖啡', '1', '蓝山咖啡', 0x4C494D53E99BB6E6B6A9E8939DE5B1B1E9A38EE591B3E59296E595A1E4B889E59088E4B880E9809FE6BAB6E59296E595A1E7B289363430672A32E8A28B3830E69DA1, '/dev-api/images/product/4f9429bc-edcc-4cd4-9b28-a1357c088b50.jpg', '59', '4994', '1000');
INSERT INTO `t_product` VALUES ('2', '挂耳咖啡', '1', 'MANNER挂耳咖啡', 0x4D414E4E4552E68C82E880B3E59296E595A1E58C8533E7A78DE9A38EE591B3E6B7B7E59088E6BBA4E68C82E7BE8EE5BC8FE7BAAFE59296E595A13230E58C85E8A385, '/dev-api/images/product/4ebe596e-64e0-4810-ab05-db68985149e6.jpg', '156', '7000', '2300');
INSERT INTO `t_product` VALUES ('3', '旧街场白咖啡', '1', '旧街场白咖啡', 0xE9A9ACE69DA5E8A5BFE4BA9AE8BF9BE58FA3E697A7E8A197E59CBAE799BDE59296E595A1E58E9FE591B3E4B889E59088E4B8803338672A31352BE6A69BE69E9CE591B3E7BB84E590883338672A3135, '/dev-api/images/product/8a8097a7-8eab-451e-8fe6-f07f899d9be8.jpg', '134', '4000', '1200');
INSERT INTO `t_product` VALUES ('4', '日本隅田川咖啡', '1', '日本隅田川咖啡', 0xE697A5E69CACE99A85E794B0E5B79DE6BBB4E6BBA4E5BC8FE68C82E880B3E59296E595A1E6848FE5BC8FE9809FE6BAB63234E789872A32E79B92E6B593E7BCA9E59296E595A1E7B289E9BB91E59296E595A1E4BEBFE690BA, '/dev-api/images/product/37d68e1f-5625-48fd-91b5-625e5bdf319f.jpg', '223', '4498', '900');
INSERT INTO `t_product` VALUES ('6', 'illy咖啡', '1', 'illy意大利咖啡', 0x696C6C79E6848FE5A4A7E588A9E68C82E880B3E59296E595A1E4B8ADE6B7B1E78398E78499E6BBA4E68C82E9BB91E59296E595A1E7B28934E79B92E8A385, '/dev-api/images/product/765a77f0-2a72-40b2-a0d8-9d893c380b74.jpg', '230', '4000', '400');
INSERT INTO `t_product` VALUES ('7', '雀巢咖啡', '1', '雀巢咖啡', 0xE99B80E5B7A2E59296E595A1312B32E98687E9A699E58E9FE591B33135672A313030E69DA1E58DB3E6BAB6E9809FE6BAB6E59296E595A1, '/dev-api/images/product/a87a9234-6dda-49fb-9069-a916b45ecb72.jpg', '98', '6698', '4500');
INSERT INTO `t_product` VALUES ('8', '永璞咖啡', '1', '永璞咖啡', 0xE6B0B8E7929E7CE68C82E880B3E59296E595A1E5A881E6ADA6E58C85E59296E595A1E7B289E6B7B12FE6B585E78398203130672A3336E69DAF, '/dev-api/images/product/9c7a6165-3744-4e42-bc2d-4be1fe3013b0.jpg', '112', '5700', '2000');
INSERT INTO `t_product` VALUES ('9', 'g7美式纯黑咖', '1', 'g7美式纯黑咖', 0xE8B68AE58D97E8BF9BE58FA36737E7BE8EE5BC8FE7BAAFE9BB91E59296E595A1E9809FE6BAB6E59296E595A1E697A0E7B396E591B3E59296E595A1E7B289313030E58C85E581A5E8BAABE4BCB4E4BEA3E6ADA3E59381, '/dev-api/images/product/4d35fb07-29fe-4d01-a919-96f4d08305de.jpg', '156', '3000', '800');
INSERT INTO `t_product` VALUES ('10', 'KIMBO咖啡', '1', 'KIMBO咖啡', 0x4B494D424FE6848FE5A4A7E588A9E8BF9BE58FA3E78EB0E7A3A862617269737461E998BFE68B89E6AF94E58DA1E789B9E6B593E6898BE586B2E98791E7898CE9BB91E59296E595A1E7B28931383067, '/dev-api/images/product/823e0d15-5544-4e7c-9e45-de8f0dd49eea.jpg', '225', '4600', '700');
INSERT INTO `t_product` VALUES ('11', 'agf咖啡豆', '4', 'agf咖啡豆', 0xE697A5E69CACE8BF9BE58FA3616766E59296E595A120E7BE8EE5BC8FE8939DE7BD90E9BB91E59296E595A1E9A9ACE5858BE8A5BFE5A786E586BBE5B9B2E9809FE6BAB6E59296E595A1E7B2893830672A32E793B6, '/dev-api/images/product/c962b057-e7ae-44b4-b119-e3016471d9ef.jpg', '145', '4500', '400');
INSERT INTO `t_product` VALUES ('12', 'illy咖啡豆', '4', 'illy意式咖啡豆', 0x696C6C79E6848FE5BC8FE59296E595A1E8B186E998BFE68B89E6AF94E58DA1E4B8ADE6B7B1E78398E78499E6898BE586B2E68BBCE9858DE58E9FE8A385E8BF9BE58FA332E7BD90, '/dev-api/images/product/29c7adbf-d9b3-4206-b871-6cfa1c4a291f.jpg', '167', '4700', '800');
INSERT INTO `t_product` VALUES ('13', '星巴克咖啡豆', '4', '星巴克咖啡豆', 0xE7A4BCE79B92E8A385E6989FE5B7B4E5858BE88A82E697A5E99990E5AE9AE6B593E7BCA9E78398E78499E59296E595A1E8B18634E8A28BE586B0E7BE8EE5BC8F, '/dev-api/images/product/fa2d11c7-96ce-4778-96cb-e9b948140744.jpg', '223', '6700', '2300');
INSERT INTO `t_product` VALUES ('14', '麦德龙咖啡豆', '4', '麦德龙咖啡豆', 0xE9BAA6E5BEB7E9BE99E6848FE5A4A7E588A9E8BF9BE58FA352494F4241E7919EE590A7E998BFE68B89E6AF94E58DA1E99382E98791E8A385E59296E595A1E8B186316B672A32E8A28BE696B0E9B29CE78398E78499, '/dev-api/images/product/40b68d38-ae5f-498b-beec-c541ac4e5662.jpg', '349', '4500', '2100');
INSERT INTO `t_product` VALUES ('15', '柯林蓝山咖啡豆', '4', '柯林蓝山咖啡豆', 0xE69FAFE69E97E8939DE5B1B1E59D87E8A1A1E59296E595A120E8939DE5B1B1E59296E595A1E8B186E696B0E9B29CE6898BE586B2E78EB0E7A3A8E9BB91E59296E595A1E7BE8EE5BC8FE59296E595A1E7B28934353467, '/dev-api/images/product/d40a9ddc-ff63-48df-9702-591bd3074672.jpg', '145', '11997', '3400');
INSERT INTO `t_product` VALUES ('16', '乐维萨咖啡豆', '5', '乐维萨咖啡豆', 0x6C6176617A7A61E4B990E7BBB4E890A8E6848FE5BC8FE59296E595A1E8B186E6848FE5A4A7E588A9E58E9FE8A3855155414C4954412032323567, '/dev-api/images/product/ca8128e0-4cda-4e08-aa57-63a306cdb522.jpg', '118', '23000', '3200');
INSERT INTO `t_product` VALUES ('17', '印尼曼特咖啡豆', '5', '印尼曼特咖啡豆', 0xE59296E595A1E5B08FE99587E58DB0E5B0BCE69BBCE789B9E5AE81E59296E595A1E8B1864731E696B0E9B29CE78398E78499E6898BE586B2E58D95E5938132323767, '/dev-api/images/product/837637d5-ecec-4c4a-a9a6-bd4ae659c025.jpg', '233', '4500', '760');
INSERT INTO `t_product` VALUES ('18', '中咖咖啡豆', '5', '中咖咖啡豆', 0xE4B8ADE5929620E4BA91E58D97E5B08FE7B292E59296E595A1E8B18620E998BFE68B89E6AF94E58DA1E5BA84E59BADE59C86E8B18620E58FAFE7A3A8E7B289E9878FE8B4A9E7BB84E59088E8A385343534472A32, '/dev-api/images/product/d9e56f16-d073-4052-8fe1-bc506b60678d.jpg', '199', '3400', '500');
INSERT INTO `t_product` VALUES ('19', '拉瓦萨意式咖啡豆', '5', '拉瓦萨意式咖啡豆', 0x4C6176617A7A61E68B89E793A6E890A8E6848FE5A4A7E588A9E8BF9BE58FA3E6848FE5BC8FE98687E9A699E59296E595A1E8B186316B672A36E8A28B, '/dev-api/images/product/f0b54de5-1dd5-4301-8e2b-dd0e53c89c77.jpg', '899', '5600', '230');
INSERT INTO `t_product` VALUES ('20', '咖基米德咖啡豆', '5', '咖基米德咖啡豆', 0xE59296E59FBAE7B1B3E5BEB74B414348494D45444553E6848FE5BC8FE59296E595A1E8B186E696B0E9B29CE6B7B1E5BAA6E78398E78499E6B593E7BCA9E9A69934353467E998BFE68B89E6AF94E58DA1E8B186, '/dev-api/images/product/58caff12-2a2e-4244-8c25-e4893037153f.jpg', '340', '3400', '120');
INSERT INTO `t_product` VALUES ('21', '哥伦比亚咖啡豆', '4', '哥伦比亚咖啡豆', 0xE59296E595A1E5B08FE99587E791B0E5A48FE6A087E78E8BE593A5E4BCA6E6AF94E4BA9A4C4F44E7AB9EE68B8DE59381E791B0E5A48FE59296E595A1E8B186E6898BE586B2E58D95E59381E59296E595A131303067, '/dev-api/images/product/c78c5327-bd00-4aa7-88f1-dc9e9adf1afa.jpg', '359', '5600', '760');
INSERT INTO `t_product` VALUES ('22', '黑鹿咖啡豆', '4', '黑鹿咖啡豆', 0xE9BB91E9B9BFE59296E595A120E696B0E9B29CE78EB0E78398E4B8ADE5BAA6E78398E78499E7BE8EE5BC8FE9A38EE591B3E59296E595A1E8B186E697A0E89497E7B3963530306720E58FAFE7A3A8E7B289E58C85E8A385, '/dev-api/images/product/8b28f9eb-c986-4db7-b6e9-04f3f408dbea.jpg', '245', '5600', '900');
INSERT INTO `t_product` VALUES ('23', '飞利浦咖啡机', '3', '飞利浦咖啡机', 0x5068696C697073E9A39EE588A9E6B5A6455033313436E6848FE5BC8FE585A8E887AAE58AA8E59296E595A1E69CBAE5AEB6E794A8E58A9EE585ACE5AEA4E7A094E7A3A8E4B880E4BD93E68993E5A5B6E6B3A1, '/dev-api/images/product/8184113a-efcf-4a4a-808e-e66482eeb52a.jpg', '5999', '6700', '450');
INSERT INTO `t_product` VALUES ('24', '德龙咖啡机', '3', '德龙咖啡机', 0x44656C6F6E6768692FE5BEB7E9BE99E59296E595A1E69CBA20452050726F20E8BF9BE58FA3E585A8E887AAE58AA8E6848FE5BC8FE78EB0E7A3A8E5AEB6E794A8E5B08FE59E8BE8A7A6E5B18FE58A9EE585AC, '/dev-api/images/product/70c905f5-2f69-457d-a347-74f11566dc0a.jpg', '4999', '6700', '1200');
INSERT INTO `t_product` VALUES ('25', '酷思咖啡机', '3', '酷思咖啡机', 0xE99B80E5B7A2E5A49AE8B6A3E985B7E6809D47656E696F2053746172E6989FE7B2BEE781B5E585A8E887AAE58AA8E883B6E59B8AE59296E595A1E69CBAE5AEB6E794A8E5B08FE59E8BE59296E595A1E69CBA, '/dev-api/images/product/770c1d4b-f04e-4754-9b80-38489cde503c.jpg', '1799', '3400', '550');
INSERT INTO `t_product` VALUES ('26', '西门子咖啡机', '3', '西门子咖啡机', 0x5349454D454E532FE8A5BFE997A8E5AD90E58E9FE8A385E8BF9BE58FA3E6848FE5BC8FE585A8E887AAE58AA8E78BACE7AB8BE5BC8FE4B893E4B89AE59296E595A1E69CBA5449333541383039434E, '/dev-api/images/product/41f661d3-4bb3-4916-9f6a-5d97808cea13.jpg', '6799', '4360', '670');
INSERT INTO `t_product` VALUES ('27', '百胜图咖啡机', '3', '百胜图咖啡机', 0xE6848FE5A4A7E588A9E799BEE8839CE59BBE3032E4BA8CE4BBA3E58F8CE99485E78289E6848FE5BC8FE58D8AE887AAE58AA8E59296E595A1E69CBAE5B8A6E78EB0E7A094E7A3A8E8B186E4B880E4BD93E5AEB6E794A8E59586, '/dev-api/images/product/97880813-b523-4078-ac62-8858d6880569.jpg', '4690', '5600', '3200');
INSERT INTO `t_product` VALUES ('28', '雀巢咖啡机', '3', '雀巢咖啡机', 0xE99B80E5B7A2506963636F6C6F205853E5B08FE6989FE6989FE883B6E59B8AE59296E595A1E69CBAE6848FE5BC8FE5AEB6E794A8E5B08FE59E8BE5A5B6E6B3A1E69CBAE6989FE5B7B4E5858BE5A597E8A385, '/dev-api/images/product/ee246b74-ef8d-45eb-91b0-4074d7e11665.jpg', '999', '4500', '1200');
INSERT INTO `t_product` VALUES ('29', 'Dera咖啡机', '3', 'Dera咖啡机', 0xE5BEB7E59BBD4465726C6C61E585A8E58D8AE887AAE58AA8E6848FE5BC8FE6B593E7BCA9E59296E595A1E69CBAE5AEB6E794A8E5B08FE59E8BE5A5B6E6B3A1E69CBAE4B880E4BD93E8BFB7E4BDA0E5A48DE58FA4, '/dev-api/images/product/25be8889-7e69-4660-871c-2fa34b0b5b88.jpg', '799', '5600', '760');
INSERT INTO `t_product` VALUES ('30', '铂富咖啡机', '3', '铂富咖啡机', 0xE99382E5AF8C42524556494C4C4520424553383738E6848FE5BC8FE892B8E6B1BDE58D8AE887AAE58AA8E59296E595A1E69CBA383730E58D87E7BAA7E5B08FE799BDE7A68FE99FB3E5AEB6E794A8, '/dev-api/images/product/f3f45cf7-4ba1-4a2c-8b44-0d04074b7688.jpg', '5600', '3400', '234');
INSERT INTO `t_product` VALUES ('31', '川岛屋咖啡杯', '2', '川岛屋咖啡杯', 0xE5B79DE5B29BE5B18BE586B7E89083E59296E595A1E69DAFE5AD90E9AB98E6A1A3E7B2BEE887B4E794B7E5A3ABE99A8FE8A18CE69DAFE4BEBFE690BAE5A496E5B8A6E99A8FE6898BE99A8FE8BAABE69DAFE9AB98E7BAA7E6849F, '/dev-api/images/product/802f77b5-05f7-4792-afc9-e609becd293f.jpg', '39', '5600', '2300');
INSERT INTO `t_product` VALUES ('32', '乐扣咖啡杯', '2', '乐扣咖啡杯', 0xE4B990E689A3E98187E8A781E58583E6B094E4BF9DE6B8A9E69DAFE5A5B3E7AE80E7BAA6696E73E59296E595A1E69DAFE5AD90333136E4B88DE99488E992A2E6B0B4E69DAFE5ADA6E7949FE794B7, '/dev-api/images/product/5849a72c-3143-433d-a9cf-1c367f83792a.jpg', '56', '3400', '390');
INSERT INTO `t_product` VALUES ('33', '可口可乐咖啡杯', '2', '可口可乐咖啡杯', 0x4745524DE58FAFE58FA3E58FAFE4B990E59296E595A1E69DAFE4BF9DE6B8A9E69DAFE88194E5908DE794B7E5A3ABE9AB98E9A29CE580BCE5A5B3E69DAFE5AD90E6B0B4E69DAFE6BDAEE4BEBFE690BAE99A8FE8A18CE69DAF, '/dev-api/images/product/4e686637-4f94-46ef-ad86-c58133c16a4d.jpg', '349', '5700', '3500');
INSERT INTO `t_product` VALUES ('34', 'Vanow咖啡杯', '2', 'Vanow咖啡杯', 0xE88BB1E59BBD56616E6F77E4BF9DE6B8A9E69DAFE5A5B3E99A8FE8A18CE59296E595A1E69DAFE9AB98E9A29CE580BCE4BEBFE690BAE999B6E793B7E58685E88386E590B8E7AEA1E5ADA6E7949FE6B0B4E69DAFE5AD90, '/dev-api/images/product/69998407-1012-4d03-b278-d581842a0d58.jpg', '129', '4700', '1900');
INSERT INTO `t_product` VALUES ('35', '故宫猫咖啡杯', '2', '故宫猫咖啡杯', 0xE69585E5AEABE78CABE69DAF20E999B6E793B7E59296E595A1E69DAFE7899BE5A5B6E69DAF20E7A4BCE59381E7949FE697A5E7A4BCE789A920E69585E5AEABE69797E888B0E5BA97E5AE98E7BD91, '/dev-api/images/product/45e3eeff-1dc7-4e3d-a152-a0a579a34bb7.jpg', '299', '2300', '390');
INSERT INTO `t_product` VALUES ('36', '富光咖啡杯', '2', '富光咖啡杯', 0xE5AF8CE58589E4B88DE99488E992A2E9A9ACE5858BE69DAFE4BF9DE6B8A9E69DAFE5AD90E5B8A6E79B96E5B8A6E58BBAE5AD90E6B0B4E69DAFE5A5B3E88CB6E69DAFE794B7E58A9EE585ACE5AEB6E794A8E59296E595A1E69DAF, '/dev-api/images/product/d7403234-fa0d-4910-aecc-9dc792926a7e.jpg', '36', '3600', '2000');
INSERT INTO `t_product` VALUES ('37', '九阳咖啡杯', '2', '九阳咖啡杯', 0xE4B99DE998B36C696E65E78EBBE79283E6B0B4E69DAFE5A5B3E5A48FE5ADA3E6B3A1E88CB6E69DAFE5B8A6E590B8E7AEA1E58FAFE788B1E7AE80E7BAA6E4BEBFE690BAE59296E595A1E69DAFE5AD90696E73E9A38E, '/dev-api/images/product/c6318212-d084-44b4-b01e-4e6f30540dec.jpg', '29', '1900', '560');
INSERT INTO `t_product` VALUES ('38', '星巴克咖啡杯', '2', '星巴克咖啡杯', 0xE6989FE5B7B4E5858BE69DAFE5AD90E8BDA6E8BDBDE6B0B4E69DAFE4BF9DE6B8A9E5A5B3E7A59EE9AB98E9A29CE580BCE99A8FE8BAABE690BAE5B8A6E4B88DE99488E992A2E5A4A7E5AEB9E9878FE59296E595A1E88CB6E69DAF, '/dev-api/images/product/614517bd-f68a-4a64-8323-6a99ae555098.jpg', '177', '680', '299');

-- ----------------------------
-- Table structure for t_shopping_cart
-- ----------------------------
DROP TABLE IF EXISTS `t_shopping_cart`;
CREATE TABLE `t_shopping_cart` (
  `id` int NOT NULL AUTO_INCREMENT,
  `user_id` int NOT NULL,
  `product_id` int NOT NULL,
  `num` int NOT NULL,
  PRIMARY KEY (`id`),
  KEY `FK_user_id` (`user_id`),
  KEY `FK_shoppingCart_id` (`product_id`),
  CONSTRAINT `FK_shoppingCart_id` FOREIGN KEY (`product_id`) REFERENCES `t_product` (`product_id`),
  CONSTRAINT `FK_user_id` FOREIGN KEY (`user_id`) REFERENCES `t_user` (`user_id`)
) ENGINE=InnoDB AUTO_INCREMENT=12 DEFAULT CHARSET=utf8mb4 COLLATE=utf8mb4_bin ROW_FORMAT=DYNAMIC;

-- ----------------------------
-- Records of t_shopping_cart
-- ----------------------------
INSERT INTO `t_shopping_cart` VALUES ('7', '2', '11', '1');
INSERT INTO `t_shopping_cart` VALUES ('11', '1', '2', '1');

-- ----------------------------
-- Table structure for t_user
-- ----------------------------
DROP TABLE IF EXISTS `t_user`;
CREATE TABLE `t_user` (
  `user_id` int NOT NULL AUTO_INCREMENT COMMENT 'id',
  `username` varchar(32) COLLATE utf8mb4_bin NOT NULL COMMENT '登录名',
  `realname` varchar(32) CHARACTER SET utf8mb4 COLLATE utf8mb4_bin NOT NULL COMMENT '真实姓名',
  `password` varchar(255) CHARACTER SET utf8mb4 COLLATE utf8mb4_bin NOT NULL COMMENT '登录密码',
  `phoneNumber` char(11) CHARACTER SET utf8mb4 COLLATE utf8mb4_bin NOT NULL COMMENT '手机号',
  `email` varchar(30) CHARACTER SET utf8mb4 COLLATE utf8mb4_bin NOT NULL COMMENT '邮箱',
  `address` varchar(64) CHARACTER SET utf8mb4 COLLATE utf8mb4_bin NOT NULL COMMENT '收货地址',
  PRIMARY KEY (`user_id`),
  UNIQUE KEY `username` (`username`)
) ENGINE=InnoDB AUTO_INCREMENT=4 DEFAULT CHARSET=utf8mb4 COLLATE=utf8mb4_bin ROW_FORMAT=DYNAMIC;

-- ----------------------------
-- Records of t_user
-- ----------------------------
INSERT INTO `t_user` VALUES ('1', 'ren', '任曦', '$2a$10$T/I1aHYP.KQSfv4Ey07hYehZP6w68bTsOM83W7b0Frmtd.wp/X8RS', '13645999600', 'www.ren@qq.com', '河南省商丘市梁园区星林路和风社区');
INSERT INTO `t_user` VALUES ('2', 'KeHan', '可汗', '$2a$10$ScnvVNyxF.NMUuhuC5arq.ci5rRSAcBTwto.WyOAe/qdvQmQWJMGa', '15678903490', 'www.han@qq.com', '河南省商丘市睢阳区八一路碧桂园');
